"","st1_200m.x","st1_400m.x","st1_50m.x","st1_90m.x","st1_120m.x","st1_300m.x","st3_40m.x","st3_60m.x","st3_120m.x","st3_150m.x","st3_200m.x","st3_250m.x","st3_300m.x","st3_400m.x","st3_500m.x","st3_550m.x","st3_600m.x","st3_800m.x","st5_20m.x","st5_80m.x","st5_120m.x","st5_200m.x","st5_50m.x","st5_300m.x","st5_400m.x","st5_500m.x","st5_600m.x","st6_40m.x","st6_80m.x","st6_200m.x","st8_40m.x","st8_70m.x","st8_200m.x","st9_40m.x","st9_70m.x","st9_380m.x","st12_40m.x","st12_120m.x","st12_300m.x","PFams_desc"
"ATP synthase alpha/beta family, nucleotide-binding domain",0,0,0,0,0,0,0,0,0,0,0,0,0,0,0,0,0,0,0,0,0,0,0,0,0,0,0,0.543599913,1.118445376,0,0,0,0,0,0,0,0,0,0,"ATP synthase alpha/beta family, nucleotide-binding domain"
"ATP synthase alpha/beta family, nucleotide-binding domainATP synthase alpha/beta chain, C terminal domain",0,0,6.459415594,0,0,0,10.79990158,7.73865804,0,0,0,7.017300228,0,9.037501111,0,0,0,0,0,0,0,6.53476176,0,21.17603688,4.5657553,6.612372211,11.45567523,1.149722501,0,1.799902492,0,1.395407998,0,0,0,0,2.5523751,0,0,"ATP synthase alpha/beta family, nucleotide-binding domainATP synthase alpha/beta chain, C terminal domain"
"Ribulose bisphosphate carboxylase large chain, catalytic domain",0,0,0,0,0,0,0,0,0,0,0,0,0,0,0,0,0,0,2.908939672,1.336251706,0,0,3.523155647,0,0,0,0,2.488010588,1.725899391,0,1.19061834,0,0,0,1.874767395,0,1.862222392,0,0,"Ribulose bisphosphate carboxylase large chain, catalytic domain"
"Ribulose bisphosphate carboxylase large chain, catalytic domainRibulose bisphosphate carboxylase large chain, N-terminal domain",0,0,1.773506211,0.962042832,0,0,1.121183813,2.267443016,0,0,0,0,0,0,0,0,0,0,0,0.502852615,0,0,0.630493435,0,0,0,0,1.978823252,1.342588389,0,0.44804848,0,0,0,0,0,4.487107505,0,0,"Ribulose bisphosphate carboxylase large chain, catalytic domainRibulose bisphosphate carboxylase large chain, N-terminal domain"
"Actin",22.72135821,35.95307916,10.587405427,8.522700698,12.85162586,34.7408594,4.414455364,9.489519945,3.929580463,0,1.852987848,19.36115058,7.490772743,38.21675568,8.246750566,29.13009991,38.14242047,26.33872027,0.58124946,0,3.830270637,6.90836412,3.519894787,12.872044742,16.79625554,22.99833837,13.926870725,1.409845809,2.900728066,9.211008595,3.501887242,2.994455361,11.556404423,0,1.873032202,9.117385336,5.477231972,5.719864925,20.052770197,"Actin"
"ADP-ribosylation factor family",0,0,0,3.7044178,0,0,1.936064831,2.080927806,0,0,0,0,0,0,0,0,0,0,1.252016242,0,0,0,0,3.796162395,0,0,0,0,0,0,0,0.83671016,0,0,0.732707233,0,1.530447138,0,0,"ADP-ribosylation factor family"
"Eukaryotic aspartyl protease",0,0,0,0,0,0,0,0,0,0,0,0,0,0,0,0,0,0,0,0,0,0,0,0,0,1.677206241,3.874258611,0,0,0.913078573,0,0,0,0,0,0,0,0,0,"Eukaryotic aspartyl protease"
"EF handEF-hand domain pairEF hand",0,0,0,4.834265229,0,0,0,0,0,0,0,10.98207485,25.49359657,14.14368923,0,24.78486001,20.744591,26.89183339,0,0,0,0,0,0,14.29081408,15.52254376,11.95208782,0,0,2.816847399,2.553876338,0,6.054822253,0,0,0,0,0,18.78863794,"EF handEF-hand domain pairEF hand"
"EF handEF-hand domain pairEF handEF-hand domain pairEF hand",0,0,4.035523114,3.859692798,2.380967157,0,2.249081301,0,2.002046733,0,3.845326408,4.46425807,10.36325064,11.395650495,0,0,0,0,1.184542313,1.144215532,1.561160207,2.078638649,1.43465572,6.695538947,0,6.23440855,4.814932413,0.718289706,0.738932973,2.24897996,1.019511512,0.871781843,3.669857215,0,0.763419512,3.716107955,1.594597617,4.397898005,15.138111971,"EF handEF-hand domain pairEF handEF-hand domain pairEF hand"
"Globin",0,0,1.62263008,0,1.914710345,0,0,0,0,0,0,0,0,0,0,0,0,0,0,0,0,0,0,0,0,0,0,0,0,0,0,0,0,0,0,0,0,0,0,"Globin"
"Glyceraldehyde 3-phosphate dehydrogenase, NAD binding domain",0,0,0,3.030887292,0,0,3.532256213,0,0,0,0,0,0,0,0,0,0,0,0,0,0,0,0,0,0,0,0,1.128097626,1.160518556,0,0,1.36916208,0,0,0,0,2.504368045,0,0,"Glyceraldehyde 3-phosphate dehydrogenase, NAD binding domain"
"Glyceraldehyde 3-phosphate dehydrogenase, NAD binding domainGlyceraldehyde 3-phosphate dehydrogenase, C-terminal domain",0,0,3.472958581,1.348470078,0,0,0,1.689121315,0,0,0,0,0,0,0,0,0,0,2.038826825,0,0,0,1.999354874,0,0,0,0,0.499116703,1.788172364,0,0,0.609153003,0.839781173,0,0.780557502,0,3.336468728,1.018127979,0,"Glyceraldehyde 3-phosphate dehydrogenase, NAD binding domainGlyceraldehyde 3-phosphate dehydrogenase, C-terminal domain"
"Kringle domain",0,0,5.313746565,5.082223237,6.270243381,0,2.222464954,2.388757363,1.978353872,2.573661357,6.213138236,3.606592727,4.186140651,4.644889732,0,8.139527096,6.812673563,17.66294476,2.144999757,4.333324023,3.158679286,3.007912398,5.195823122,0,2.346603298,3.398477014,5.887727988,3.311184269,3.406345956,8.011716529,3.908924817,4.921157248,6.622157436,0,4.811142843,9.786317819,2.887538472,3.837203182,0,"Kringle domain"
"lactate/malate dehydrogenase, NAD binding domainlactate/malate dehydrogenase, alpha/beta C-terminal domain",0,0,1.442080656,6.89624141,1.701661263,0,1.607403326,1.727674726,0,0,0,0,0,0,0,7.071286734,0,0,0,0,1.115750733,0,1.025338824,1.575867699,2.038632537,1.476228603,3.410010789,0,0.528110441,0.803665449,1.457276085,0.623056638,0.863740692,0,1.636832421,2.65587744,0,0,0,"lactate/malate dehydrogenase, NAD binding domainlactate/malate dehydrogenase, alpha/beta C-terminal domain"
"Protein kinase domain",0,0,0,0,0,0,0,0,0,0,1.888124344,0,0,0,0,0,0,0,0,0,0,0,0.71732786,0,0,1.43727257,1.192823135,0,0,1.344702601,0,0,0,0,0,0,0.797298809,0,0,"Protein kinase domain"
"Protein kinase domainEF-hand domain pair",0,0,0,1.363685537,1.682460572,0,0,1.708180512,0,0,0,0,0,0,0,0,0,0,0.837032015,0,1.103161162,0,0,0,0,2.919143162,1.68576697,0,0.522151508,0.794597292,0,0.61602638,0.853994676,0,0,0,0,1.029616024,0,"Protein kinase domainEF-hand domain pair"
"Pyridine nucleotide-disulphide oxidoreductase",6.436877561,0,4.482925865,5.97277285,5.79233558,0,2.737129025,0,0,0,0,0,0,0,18.669495958,0,0,0,2.775416168,1.272479427,0,0,2.54371279,0,0,0,0,1.348911127,2.28695859,0,3.154078787,2.695971536,0.670522952,10.858751322,2.867325164,0,4.915011274,1.620416784,0,"Pyridine nucleotide-disulphide oxidoreductase"
"Ras family",0,0,3.594432373,3.437820662,2.338950089,0,2.209391631,0,0,0,3.709609006,3.50305418,0,0,0,7.905856462,6.617094417,8.577937286,2.110138942,1.124023493,1.533610321,2.005274932,2.555689965,0,9.639830497,1.65045654,4.249780733,0.705614005,0.725892979,4.006323912,1.816153734,0.696591233,2.15290143,0,0.610005065,0,1.274152163,1.164270751,0,"Ras family"
"RNA recognition motif. (a.k.a. RRM, RBD, or RNP domain)",0,0,2.52724635,2.417132614,2.982161363,0,0,0,0,1.959199708,4.729751482,5.491037426,6.373399141,3.535922308,0,0,0,0,0.741819623,1.433129954,2.933029739,5.113451075,1.796906289,2.761708142,8.931758802,3.88063594,4.482032931,2.249144642,2.776540645,4.929482948,1.276938169,1.637860137,2.270558345,4.079568087,1.434274409,4.654425213,2.995850273,2.737491603,4.697159486,"RNA recognition motif. (a.k.a. RRM, RBD, or RNP domain)"
"Sushi domain (SCR repeat)",0,0,0,0,0,0,0,0,0,0,0,0,0,0,0,0,0,0,0,0,0,0,0,0,0,0,0,0.32744599,0.336856615,0,0.464763665,0,0,0,0.348019268,0,0,0,0,"Sushi domain (SCR repeat)"
"Thrombospondin type 1 domain",0,0,0,1.299533664,1.504242807,0,0,1.306472473,1.082012312,0,0,0,0,0,0,0,0,0,5.380209824,2.694913276,3.163362038,1.034064929,3.339794165,1.116969926,0,0,0,2.525310194,2.627778385,1.732224047,3.276547053,0.912777706,1.86965342,0,1.313396447,0,0,0.981179786,0,"Thrombospondin type 1 domain"
"Thrombospondin type 1 domainvon Willebrand factor type A domain",0,0,2.198386623,0.940518527,1.160374071,0,1.096098961,2.356225647,2.927116964,0,2.273918982,0,0,0,0,0,0,0,1.290579635,1.804281015,2.461749246,1.22919497,2.097555979,0,1.717645924,0,0,0.865055632,0.444958437,1.354253558,1.110775682,0.524955172,0.727743059,3.922661623,0.459703336,4.47540886,0.777133664,2.840458214,0,"Thrombospondin type 1 domainvon Willebrand factor type A domain"
"Thrombospondin type 1 domainvon Willebrand factor type A domainKringle domain",0,0,0,0,0,0,0,0,0,0,0,0,0,0,0,0,0,0,0.358583504,0.34637582,0,0,0,0,0,0,0,0.217439965,0,0,0,0,0,0,0,0,0,0,0,"Thrombospondin type 1 domainvon Willebrand factor type A domainKringle domain"
"Tubulin/FtsZ family, GTPase domain",0,0,11.390646368,3.400421029,7.227798632,16.19653765,9.572159058,12.281555937,5.099774299,12.263207667,10.407983246,0,13.437585716,5.106024993,0,0,5.683449589,6.305236435,1.391455331,2.129361052,4.302822887,7.472175016,2.982663212,13.085777094,21.905016186,15.634951964,24.153189614,1.75860146,2.170020044,11.542544295,1.796396018,3.980026113,10.490088412,8.941519098,2.874945071,10.20147992,4.901451747,7.783116184,11.330961194,"Tubulin/FtsZ family, GTPase domain"
"Tubulin/FtsZ family, GTPase domainTubulin C-terminal domain",653.06323975,610.8562768,162.793836018,185.391140938,192.621083179,615.8548953,129.053537448,188.425303429,122.292141228,146.805165972,279.816201789,296.436149333,384.134849041,319.846868711,720.733647583,382.73503661,419.791663559,347.292157279,68.544076602,96.019167416,139.577144017,219.454815629,114.087391712,226.688127415,466.258691374,311.977508286,323.484360075,52.421302062,85.026767423,185.388481137,80.120230169,91.617252075,176.419293277,571.249308368,84.135962756,331.674053291,114.713467197,132.327310916,307.264375882,"Tubulin/FtsZ family, GTPase domainTubulin C-terminal domain"
"von Willebrand factor type A domain",0,0,4.76119027,1.049786152,2.111264683,0,0,6.153804636,14.633845106,0,0,0,0,0,0,0,0,0,1.933080452,6.286064469,6.840536853,3.331238486,0,4.354069471,6.283720409,3.278892014,2.115413773,0.781461765,0.803920563,2.10779698,0,2.195711148,5.552449427,3.543598773,2.338064958,4.042931782,0,5.251777197,0,"von Willebrand factor type A domain"
"Zinc-binding dehydrogenase",0,0,0,0,0,0,0,0,0,0,0,0,0,0,0,0,0,0,0,0,0,0,0,0,0,0,0,0,0.47159926,0,0,0,0,0,0,0,0,0,0,"Zinc-binding dehydrogenase"
"Enolase, C-terminal TIM barrel domain",0,0,1.076569265,0,1.270356278,0,0,0,0,0,0,0,0,0,0,0,0,0,0,0,0,1.08912696,0,3.529339479,0,0,0,0,0,0,0,0,0,0,0,0,0,0,0,"Enolase, C-terminal TIM barrel domain"
"Triosephosphate isomerase",0,0,1.257336493,1.20255354,0,0,0,0,0,0,0,0,0,0,0,6.165388061,0,0,0,0,0,0,0.893983228,0,3.554928877,0,1.486578087,0,0.460454502,2.898970017,0,0.543237193,1.50617469,8.118543458,0,2.315634435,0.993648515,0.907957414,4.673790534,"Triosephosphate isomerase"
"E1-E2 ATPase",0,0,4.109343659,3.930296934,4.849042868,0,4.580446064,4.923170662,4.077339078,3.185690582,3.845326408,0,0,0,0,0,0,0,2.998840214,2.896747135,4.769154048,2.078638649,2.921798844,2.245291173,2.904637009,2.103325713,2.429286142,2.925716607,2.257350118,2.290119837,2.076322227,1.775458143,1.23065493,0,0.777384503,0,3.247534171,1.483735287,0,"E1-E2 ATPase"
"Core histone H2A/H2B/H3/H4",0,0,0,2.207427045,0,0,0,0,0,0,0,0,0,0,0,0,0,0,0,0,0,0,0,0,0,2.362639842,0,0,0,1.286231689,0,0.997175122,0,0,0,0,1.823957548,0,0,"Core histone H2A/H2B/H3/H4"
"Copper binding proteins, plastocyanin/azurin family",0,0,0,0,0,0,0,0,0,3.014153397,0,0,0,0,0,0,0,0,0,0,0,0,0,0,0,0,0,0,1.423866998,8.667222769,0,0,2.32877779,0,0,0,0,0,0,"Copper binding proteins, plastocyanin/azurin family"
"Calcineurin-like phosphoesterase",0,0,1.362396955,1.30303645,0,0,0,0,0,0,0,0,0,0,0,0,0,0,0,0,0,0,0,0,0,4.18397406,3.221587013,0,0,0,0,0,0,0,0,0,1.07667575,0,0,"Calcineurin-like phosphoesterase"
"Mitochondrial carrier protein",19.59333339,41.3379435,31.303039907,15.629996933,13.942112201,40.11116714,19.797784536,12.340598608,5.521641838,1.720482729,2.07672952,2.410993381,5.566453314,0,9.600835038,0,6.324570425,0,44.402365906,17.181403778,12.050794522,5.26935476,36.243215523,4.007850993,9.276243109,7.411551453,8.877582157,17.323817472,19.751368088,9.341302124,24.450619436,19.658514953,6.643652631,4.975083033,14.904713829,8.514825902,21.689306042,17.590108574,7.042378338,"Mitochondrial carrier protein"
"Cyclophilin type peptidyl-prolyl cis-trans isomerase/CLD",0,0,0,0,0,0,0,0,0,0,0,0,0,0,0,0,0,0,0,0,0,0,0,0,0,0,0,1.142422675,0,0,0,0,0,0,0,0,0,0,0,"Cyclophilin type peptidyl-prolyl cis-trans isomerase/CLD"
"Phosphoglycerate kinase",15.8027975,50.01102702,5.256107021,5.027095085,0,32.21654628,2.367205318,0,0,0,0,0,0,0,0,0,0,0,0.595839055,1.029177705,0,0,4.259279471,0,0,0,0,3.77444066,8.787506813,12.860078692,5.041272767,2.202575689,9.861393046,0,7.967181336,0,2.118349252,1.986881041,0,"Phosphoglycerate kinase"
"Phosphoglycerate kinaseEnolase, N-terminal domain",0,0,2.406901286,2.302031061,0,0,2.682832694,1.441785694,2.388155746,1.865904484,4.504525221,7.844339181,6.069903944,3.367545056,0,5.901157144,0,0,0.706494879,1.364885671,0.931120552,0,1.711339323,1.315099116,5.103862173,4.92779167,2.845735194,1.28522551,0.881441475,1.341355905,0.608065795,1.039911198,1.441624346,0,0.910650418,0,0.951063579,1.738089907,4.473485225,"Phosphoglycerate kinaseEnolase, N-terminal domain"
"Aldehyde dehydrogenase family",0,0,0,0,0,0,0,0,0,0,0,0,0,4.358609934,0,0,0,0,0,0,0,0,0,0,0,0,1.841615997,0,0,0,0,0,0,0,0,0,0,0,0,"Aldehyde dehydrogenase family"
"Cytochrome b5-like Heme/Steroid binding domain",0,0,0,0,0,0,0,0,0,0,0,0,0,0,0,0,0,0,0.895106635,0.864633457,0,0,0,0,0,0,0,0,0,0,0,0.658767275,0,0,0,0,0,0,0,"Cytochrome b5-like Heme/Steroid binding domain"
"Hsp90 protein",5.817077917,0,7.201897381,11.773423163,11.331025755,0,18.601488579,6.966866345,3.757827942,4.300026794,5.190399432,8.228853866,6.05409475,14.478146086,0,35.31472472,29.55794467,32.92229687,4.22792879,2.914064336,4.003183077,3.83150199,6.10660312,7.169369458,9.654188513,7.75401406,6.87545203,5.341909708,3.655134837,4.163185684,6.361023342,3.840096398,2.87573921,0,5.916016662,12.577225669,16.798820712,5.175253209,4.461833938,"Hsp90 protein"
"Bacterial DNA-binding protein",0,0,0,0,0,0,0,0,4.559206424,0,0,0,0,0,0,0,0,0,0,0,0,0,0,0,0,0,0,0,0,2.004873594,0,0,0,0,1.361114504,0,0,0,0,"Bacterial DNA-binding protein"
"ATP:guanido phosphotransferase, C-terminal catalytic domain",0,0,0,1.751545373,2.668600773,0,9.603632938,8.128187804,10.792693933,2.839419866,10.28206844,7.958025256,0,0,0,0,0,0,3.730383671,7.206771582,6.666192807,7.845996569,1.302106006,17.890259926,5.17783119,16.87233017,8.6609332,4.524103802,2.840186018,0,0,0.97709777,1.096888089,0,2.934303251,0,1.447270663,5.911128645,6.807477516,"ATP:guanido phosphotransferase, C-terminal catalytic domain"
"ATP:guanido phosphotransferase, C-terminal catalytic domainATP:guanido phosphotransferase, N-terminal domain",0,0,0,0,0,0,1.722920079,0,0,0,0,0,0,0,0,0,0,0,0,0,0,0,0,0,0,0,0,0.550249454,0.566063332,0.861421223,0,0,0,0,0.58482137,0,0,1.116204527,0,"ATP:guanido phosphotransferase, C-terminal catalytic domainATP:guanido phosphotransferase, N-terminal domain"
"Major intrinsic protein",0,0,0,2.447729229,0,0,2.852632231,6.13215181,0,0,0,0,0,0,0,0,0,0,1.785831207,0,0,0,0.984606186,0,0,0,0,1.89697235,5.264371103,0.771739014,4.433162752,0.438957491,0.829427706,0,2.978311356,0,0,3.696191194,0,"Major intrinsic protein"
"14-3-3 protein",0,0,17.377893272,31.02982659,28.267577955,0,38.315229265,50.074402549,39.559562856,58.223216277,18.588442234,68.47073105,24.815395153,29.98922977,0,8.047032471,0,0,14.823005425,19.164499094,24.703392479,30.858264111,24.612884198,40.485262952,45.778268714,54.462492264,56.230062331,18.026228815,18.77878362,18.335610277,19.33165455,15.560561721,17.095011802,0,20.363175,0,27.604708521,23.426551392,84.843372392,"14-3-3 protein"
"Flavodoxin",0,0,0,0,0,0,0,0,0,0,0,0,0,0,0,0,0,0,0,0,0,0,0,0,0,0,0,0,0,2.041193768,0,0,0,0,0,0,0,0,0,"Flavodoxin"
"Calreticulin family",0,0,0,2.387291471,0,0,0,0,0,0,0,0,0,0,0,0,0,0,0,0,0,0,0,0,3.52859607,2.555151236,2.951132794,0,0,1.391035753,0,0,1.49501784,0,0,0,0,0,0,"Calreticulin family"
"DEAD/DEAH box helicase",0,0,8.14241677,11.252072869,4.920995615,0,16.249180027,10.33655747,15.55207032,13.154513957,14.095536894,3.12434562,3.62640065,4.023809171,0,6.346955188,0,0,2.137107763,8.040866746,9.006323919,5.819005493,3.067265358,9.428306605,0,2.797043212,3.06071391,2.096223577,5.116926217,4.377663827,3.462660488,2.485136292,3.515348505,0,6.834025756,0,10.108639936,6.230421858,12.829341904,"DEAD/DEAH box helicase"
"DEAD/DEAH box helicaseHelicase conserved C-terminal domain",0,0,0,1.086351737,0,0,0,0,0,0,0,0,0,0,0,0,0,0,0,0,0,0,0,0,1.605709448,2.32547472,2.68586243,0,0,1.216801986,0.573904795,0.452603838,0,0,1.049309124,1.929295425,1.923744544,0,2.111082915,"DEAD/DEAH box helicaseHelicase conserved C-terminal domain"
"Fructose-bisphosphate aldolase class-I",0,0,0.938624457,1.795455981,1.107580822,0,0,0,0,0,0,0,0,0,0,0,0,0,0,0,0,0,0,0,0,0,0,0.931914073,2.903832955,3.483151698,0.474257444,0.4055364,1.818264941,0,0.922733838,0,2.399079298,1.558382959,0,"Fructose-bisphosphate aldolase class-I"
"pfkB family carbohydrate kinase",0,0,0,0,0,0,0,0,0,0,0,0,0,0,0,0,0,0,0,0,0,0,0,0,0,0,0,0,0,0,0,0,0,0,0,0,0.848082172,0,0,"pfkB family carbohydrate kinase"
"ATP synthase alpha/beta chain, C terminal domain",0,0,0,0,0,0,0,0,0,0,0,0,0,0,0,0,0,0,0,0,0,0,0,0,0,0,0,0,0,0,0,0,0,0,0,0,1.902127158,0,0,"ATP synthase alpha/beta chain, C terminal domain"
"Phosphoglucomutase/phosphomannomutase, C-terminal domain",0,0,0,0,0,0,0,0,0,0,0,0,0,0,0,0,0,0,0,0,0,0,0,0,0,0,0,0,0.845217852,1.286231689,0,0,0,0,0,0,0,0,0,"Phosphoglucomutase/phosphomannomutase, C-terminal domain"
"S-adenosylmethionine synthetase, N-terminal domain",0,0,0,2.754567082,0,0,3.210227156,0,0,0,0,0,0,0,0,0,0,0,0,0,0,0,3.390389224,0,0,0,0,1.025251119,1.746251978,1.301084249,0,0,1.398342322,0,1.804118753,0,6.044414713,0,0,"S-adenosylmethionine synthetase, N-terminal domain"
"Isocitrate lyase family",0,0,0,0,0,0,0,0,0,0,0,0,0,0,0,0,0,0,0,0,0,0,0,0,0,0,0,0.529210504,0,0,0,0,0,0,0,0,0,0,0,"Isocitrate lyase family"
"Serine hydroxymethyltransferase",0,0,2.307987535,2.207427045,0,0,0,1.382534227,0,0,0,0,0,0,0,0,0,0,0,0,0,0,0,0,0,0,0,0,0,0.643115845,0,0.498587561,0,0,0,0,1.823957548,0.833330777,0,"Serine hydroxymethyltransferase"
"Chlorophyll A-B binding protein",6.509120856,40.51665985,1.134566263,16.698849426,27.622636551,26.10038075,1.26463494,11.135676526,84.070338701,40.610039076,29.4047744,11.928671991,0,2.993373383,44.54990649,15.73641905,13.17116889,17.07417993,14.767102433,57.83682012,50.574777371,5.41105934,68.013252342,7.848421743,18.330369199,1.095064816,1.264771198,19.500647737,53.913372632,61.06047641,12.644045767,59.785673224,33.559961905,105.640161563,86.822655261,199.0903293,10.131536182,55.770040714,29.711921202,"Chlorophyll A-B binding protein"
"SecE/Sec61-gamma subunits of protein translocation complex",0,0,0,0,0,0,0,0,0,0,0,0,0,0,0,0,0,0,0,0,0,0,0,0,0,7.780723689,0,0,0,2.117930375,1.920207773,1.64196505,6.828746902,0,0,6.999135659,3.00335867,0,0,"SecE/Sec61-gamma subunits of protein translocation complex"
"Region in Clathrin and VPS",0,0,1.150055222,1.099946582,2.714140035,13.45104947,1.281899581,2.75563136,1.141098308,0,0,0,0,0,0,0,0,0,0.67514869,1.304327603,0.889808036,0,2.453114387,1.256750008,1.62580365,0,0,0.818801235,0,0.64092091,0.581086766,1.49065769,0,7.425834972,1.740492267,2.118054705,2.726598656,1.66097329,0,"Region in Clathrin and VPS"
"S-adenosyl-L-homocysteine hydrolase, NAD binding domain",0,0,2.173975355,1.039626931,1.282650049,0,0,0,0,0,0,0,0,0,0,0,0,0,1.276248814,0,0,0,0.77286292,0,0,1.112727151,0,0.94058522,0.398070343,0.605773634,1.335028822,0.469637315,0,0,0.411261479,0,1.718050336,0,0,"S-adenosyl-L-homocysteine hydrolase, NAD binding domain"
"Insulinase (Peptidase family M16)",0,0,0,0,0,0,0,0,0,0,0,0,0,0,0,0,0,0,1.073156779,0,0,0,0,0,0,0,0,0,0,0,0,0,0,0,0,0,1.444653538,1.320068284,0,"Insulinase (Peptidase family M16)"
"Insulinase (Peptidase family M16)Peptidase M16 inactive domain",0,0,0,0,0,0,0,0,0,0,0,0,0,0,0,0,0,0,0,0,0,0,0,0,0,0,0,0,0,0,0,0,0,0,0,0,0,0.768418696,0,"Insulinase (Peptidase family M16)Peptidase M16 inactive domain"
"Cation transporter/ATPase, N-terminusE1-E2 ATPase",0,0,0,0,0,0,0,0,0,0,0,0,0,0,0,0,0,0,0,0,0,0,0,0,0,0,0,0,0,0.576042413,0,0,0,0,0,0,0,0,0,"Cation transporter/ATPase, N-terminusE1-E2 ATPase"
"Amino acid kinase family",0,0,0,0,0,0,0,0,0,0,0,0,0,0,0,0,0,0,0,0,0,0,0,0,0,0,0,0,0,0.614361483,0,0,0,0,0.417091795,0,0,0,0,"Amino acid kinase family"
"haloacid dehalogenase-like hydrolase",0,0,3.762649653,2.399139071,1.479980825,0,0,1.502605438,1.037254822,0,0,0,0,0,0,0,0,0,1.472594786,1.185629745,0,0,0.891764907,0,0,0,0,0.446480326,0.459311935,0.698969578,0.633716213,0,0,0,0.474532476,0,1.817339459,0,0,"haloacid dehalogenase-like hydrolase"
"Photosystem II 10 kDa phosphoprotein",0,0,0,0,0,0,0,0,0,0,0,0,0,0,0,0,0,0,0,0,0,0,0,0,0,0,0,0,0,0,0,0,0,0,0.842451929,0,0,0,0,"Photosystem II 10 kDa phosphoprotein"
"F5/8 type C domain",0,0,0,0,0,0,0,0,0,0,6.538826935,2.530431994,2.937050296,0,0,0,0,0,0,0,0,0,0,0,0,0,0,0,0,0,0,0,0,0,0,0,0,0,0,"F5/8 type C domain"
"ER lumen protein retaining receptor",0,0,0,0,0,0,0,0,0,0,0,0,0,0,0,0,0,0,0,0,0,0,0,0,0,0,0,0,0,0.619768405,0,0,0,3.590378955,0,2.048151909,0,0,0,"ER lumen protein retaining receptor"
"FAD binding domain",51.06589531,72.55867602,16.11109651,12.599891973,11.863444383,36.11842447,8.036682008,14.078714701,5.321279808,0,4.079570012,7.893674647,9.162119161,2.541543438,45.39047077,26.72222103,27.584900881,14.49694522,3.732425778,3.393232722,6.679091728,5.392935189,6.974514975,11.322251837,24.484625449,22.719252609,23.662872449,3.427268026,4.65675903,12.553066579,7.801598878,7.142693166,7.942534133,46.330404877,8.911674884,21.411192358,19.604077005,7.817457612,22.9582638,"FAD binding domain"
"Bacteriorhodopsin-like protein",28.42954256,0,29.484871799,17.626434881,18.13204801,0,26.594577869,51.741507771,3.277860827,0,0,0,0,0,0,0,0,0,99.520028252,18.784500165,8.946060208,5.013187329,36.378074837,0,2.335100341,0,0,112.84926471,84.196723171,29.835903288,104.190936719,74.197990349,19.207142685,79.84190551,23.832240092,52.764838458,53.461759471,55.728370692,33.77042768,"Bacteriorhodopsin-like protein"
"Cys/Met metabolism PLP-dependent enzyme",0,0,0,0,0,0,0,0,0,0,0,0,0,0,0,0,0,0,0,0,0.782924188,1.023713929,0,0,0,0,0,0.360223366,2.387451707,4.197098559,0,0.874399806,1.818264941,3.266921392,1.317998271,1.863633719,0,0,3.761489078,"Cys/Met metabolism PLP-dependent enzyme"
"Hint module",0,0,0,0,0,0,0,0,0,0,0,0,0,0,0,0,0,0,0,0,0,0,0,0,0,0,0,0,0,0,0,0,0.800902414,0,0,0,0,0,2.485269569,"Hint module"
"Fructose-bisphosphate aldolase class-IIFructose-bisphosphate aldolase class-I",0,0,0,0,0,0,0,0,0,0,0,0,0,0,0,0,0,0,0,0,0,0,0,0,0,0,0,0,0,0,0,0,0,0,0,0,0.907833416,0,0,"Fructose-bisphosphate aldolase class-IIFructose-bisphosphate aldolase class-I"
"Cytochrome c oxidase subunit Vb",0,0,1.072002694,1.025294853,1.264967705,0,1.194898973,2.56861078,0,0,0,0,0,0,0,0,0,0,0.629327358,1.215804839,1.658836191,0,1.524416788,0,0,0,0,0,0.392582629,0,0.541649277,0.926325988,0,0,0,0,0,0.774122758,0,"Cytochrome c oxidase subunit Vb"
"FAD dependent oxidoreductase",0,0,0,0,0,0,0,0,0,0,0,0,0,0,0,0,0,0,0.56953522,0,0,0,0,0,0,0,0,0.345358102,0,0,0,0,0,0,0,0,0,0,0,"FAD dependent oxidoreductase"
"Domain amino terminal to FKBP-type peptidyl-prolyl isomeraseFKBP-type peptidyl-prolyl cis-trans isomerase",0,0,0,0,0,0,0,0,0,0,0,0,0,0,0,0,9.019387392,0,0,0,0,0,0,0,0,2.249644024,2.598279961,0,0,1.224716261,1.110381017,0.949484138,1.316265708,0,0,0,1.736724796,0,0,"Domain amino terminal to FKBP-type peptidyl-prolyl isomeraseFKBP-type peptidyl-prolyl cis-trans isomerase"
"DHH family",0,0,0,0,0,0,0,0,0,0,0,0,0,0,0,0,0,0,0,0,0,0,0,0,0,0,0,0,0,0,0,0,0,0,0,0,2.256761034,0,0,"DHH family"
"NAD dependent epimerase/dehydratase family",0,0,0,0,0,0,0,0,0,0,0,0,0,0,0,0,0,0,0,0,0,0,0,0,0,0,0,0,0,0,0,0,0,0,0,0,0.864603253,0,0,"NAD dependent epimerase/dehydratase family"
"LSM domain ",0,0,0,0,0,0,0,0,0,0,0,0,0,0,0,0,0,0,0,0,0,0,0,0,0,0,0,0,0,0,0,1.712794915,0,0,1.499894807,0,0,0,0,"LSM domain "
"Ribosomal L18ae/LX protein domain",0,0,2.53994608,2.429279009,0,0,0,0,0,0,0,0,0,0,0,0,0,0,0,0,0,0,0,0,0,2.600091082,3.003037139,0,0,1.415501205,2.566709887,0,3.042624247,0,0.960987878,0,2.007269864,1.834165228,0,"Ribosomal L18ae/LX protein domain"
"Putative snoRNA binding domainPrp31 C terminal domain",0,0,0,1.067166717,0,0,0,0,0,0,0,0,0,0,0,0,0,0,0,0,0,0,0,0,0,0,0,0,0,1.243641236,0,0,0,0,0,0,0,0,0,"Putative snoRNA binding domainPrp31 C terminal domain"
"WSC domain",0,0,0,0,1.481819311,0,0,0,0,1.947030766,0,2.271370187,0,2.925271817,0,0,0,0,2.441379025,1.1254643,0.488532957,1.696372855,2.507924656,0,0,0,0,2.447951974,1.06465792,1.986204974,2.638338162,1.339362753,2.019204577,0,1.297644915,1.925305156,0,0.977239305,2.333992292,"WSC domain"
"IPT/TIG domain",0,0,0,0,0,0,0,0,0,0,0,0,2.559598049,0,0,0,0,0,0,0,0,0,0,0,0,0,0,0,0,0,0,0,0.607913881,0,0,0,0,0,18.86409432,"IPT/TIG domain"
"NAC domainUBA/TS-N domain",0,0,1.776623093,1.699214491,4.192845502,0,3.960596596,4.256941943,3.525572629,5.509173167,3.324957105,0,0,4.971419765,0,0,0,9.45231402,1.042980138,1.007472727,1.374589216,0,1.263203015,0,2.511566623,1.818692883,2.100542674,0.632448405,1.301249277,0.990104534,0.897671824,0.767597018,1.064116389,0,0.672184843,3.272003664,1.404030591,1.282948613,0,"NAC domainUBA/TS-N domain"
"Alba",0,0,0,0,0,0,3.599967195,0,0,5.072361703,0,0,0,0,0,0,0,0,1.896024597,0,4.638182456,4.208601709,0,2.649120521,0,1.878105718,0,5.49163744,5.622924546,3.827713103,1.224880738,2.80887953,13.266898353,0,0.91720186,0,0,0,0,"Alba"
"ATP synthase (C/AC39) subunit",0,0,2.09295764,3.016302389,2.469698852,0,4.66579599,6.285735704,0,0,0,0,0,0,0,0,0,0,0,0,0,0,0,0,0,1.396540149,0,1.7163488,3.42021225,2.686961837,3.49362217,1.362573548,1.634230028,0,1.985075824,10.221703137,6.034977311,3.788764805,0,"ATP synthase (C/AC39) subunit"
"Glycine cleavage system P-protein",0,0,0,0,0,0,0,0,0,0,0,0,0,0,0,0,0,0,0,0,0,0,0,0,0,0,0,0.350061423,0,0,0,0,0,0,0,0,0,0,0,"Glycine cleavage system P-protein"
"Peridinin-chlorophyll A binding protein",0,0,4.404928726,21.510168046,23.265141663,0,2.479185328,13.942913955,40.609514121,82.222505312,82.615020291,2.283175645,0,0,0,0,0,0,16.190800049,32.21558724,52.064347037,1.063087542,26.474748619,4.593277576,0,0,0,13.40001309,28.314967299,20.300507524,10.600615092,20.979942967,8.780672196,0,32.126231511,8.894742305,2.736762277,33.103479569,0,"Peridinin-chlorophyll A binding protein"
"Conserved carboxylase domain",0,0,0,0,0,0,0,0,0,0,0,0,0,0,0,0,0,0,0,0,0,0,0,0,0,0,0,0,0.354263559,0,0,0,0,0,0,0,0,0,0,"Conserved carboxylase domain"
"CobW/HypB/UreG, nucleotide-binding domain",0,0,0,0,0,0,0,0,0,0,0,0,0,0,0,0,0,0,1.914373221,0,0,0,3.477883139,0,0,0,0,1.160848847,1.579841675,0,2.471493231,0.704455973,0,0,1.233784437,0,4.697793886,2.354831487,0,"CobW/HypB/UreG, nucleotide-binding domain"
"CoA binding domainCoA-ligase",0,0,0,1.128183251,0,0,0,0,0,0,0,0,0,0,0,0,0,0,0,0,0,0,0,0,0,0,0,0,0,0,0,0,0,0,0,0,0,0,0,"CoA binding domainCoA-ligase"
"S-adenosylmethionine synthetase, central domain",0,0,4.44025713,4.246792294,3.493014774,0,4.949296039,5.31961925,2.937116875,4.589633283,5.539972453,3.21583451,7.46518201,4.141636671,0,0,6.074550804,0,1.737791211,1.678629521,1.145155584,1.497350242,2.104721861,3.234797238,4.184718619,3.030267205,3.499879302,2.107544027,1.084056865,1.64969101,1.495681604,1.918430614,1.77300798,0,1.119980016,0,3.509048636,2.137621555,2.750898674,"S-adenosylmethionine synthetase, central domain"
"S-adenosylmethionine synthetase, central domainS-adenosylmethionine synthetase, C-terminal domain",82.26420826,148.7663377,18.51495684,14.727029596,14.092452617,95.83361687,1.141630934,7.873830263,2.368022758,1.588003816,4.466550501,7.41081689,3.435794686,0,8.530833159,11.702816659,4.203564539,5.449206361,5.233303842,1.934181621,0.792443023,1.3782887,6.826080372,0,16.883108912,14.66863719,10.087451532,3.522202387,5.140010712,8.938782825,5.863404414,7.391652396,5.312770573,23.1464856,7.557836659,9.431459399,14.434910232,17.575855428,15.857436589,"S-adenosylmethionine synthetase, central domainS-adenosylmethionine synthetase, C-terminal domain"
"Ribulose bisphosphate carboxylase large chain, N-terminal domain",0,0,0,0,0,0,0,0,0,0,0,0,0,0,0,0,0,0,0,0,0,0,0,0,0,0,0,0,0,0,0,0,0,0,0,0,1.20496743,0,0,"Ribulose bisphosphate carboxylase large chain, N-terminal domain"
"Glyceraldehyde 3-phosphate dehydrogenase, C-terminal domain",20.82451232,0,16.946231104,20.03692535,9.147995723,21.22706011,13.170173805,18.575684063,13.547331319,9.165037856,11.76213143,4.827285649,11.20597651,6.217006255,0,10.89444396,9.118501536,11.8205861,6.940389898,9.819609864,4.573521948,4.495341604,13.609688186,0,11.497302098,8.325505409,9.615740819,8.27929668,11.986983278,6.343312253,5.772791621,8.098468394,5.958291172,0,6.389046993,0,14.63725653,6.908890796,4.129370976,"Glyceraldehyde 3-phosphate dehydrogenase, C-terminal domain"
"Beta-ketoacyl synthase, C-terminal domain",0,0,0,0,0,0,0,0,0,0,0,0,0,0,0,0,0,0,0,0,0,0,0,0,0,0,0,0,0,0,0,0,1.79136753,0,0,0,0,0,0,"Beta-ketoacyl synthase, C-terminal domain"
"ATP:guanido phosphotransferase, N-terminal domainATP:guanido phosphotransferase, C-terminal catalytic domain",0,0,0,0,0,0,0,0,0,0,0,0,3.616112988,0,0,0,0,0,0,0,0,1.450624419,0,0,0,1.467852838,1.695331605,0,0.52511407,0.799105645,0,0.619521565,0.858840036,0,0.542515143,0,1.133182136,1.035457817,2.665055028,"ATP:guanido phosphotransferase, N-terminal domainATP:guanido phosphotransferase, C-terminal catalytic domain"
"ATP synthase, Delta/Epsilon chain, beta-sandwich domain",0,0,0,2.302031061,0,0,0,0,0,0,0,0,0,0,0,0,0,0,0,0,0,0,0,0,0,0,2.845735194,0,0.881441475,0,1.21613159,0,0,0,0,0,1.902127158,0,0,"ATP synthase, Delta/Epsilon chain, beta-sandwich domain"
"ATP synthase alpha/beta family, beta-barrel domain",0,0,6.067465588,5.803102242,0,0,0,4.452573466,0,0,0,0,0,0,0,0,0,0,4.140388597,4.773832337,0,0,3.343081468,0,5.253975766,0,4.394149932,5.07081757,3.494664517,4.768982461,0,3.047181652,3.634135792,0,2.668417505,0,0,5.093007636,0,"ATP synthase alpha/beta family, beta-barrel domain"
"ATP synthase alpha/beta family, beta-barrel domainATP synthase alpha/beta family, nucleotide-binding domain",17.77209402,0,13.42357612,10.86351737,6.092260192,0,2.301919779,4.948314537,0,0,0,0,0,0,0,5.06330133,0,0,0,1.171097,0.798918554,0,1.468360604,0,4.379207585,3.171101892,6.104232798,4.043406098,4.53775795,4.0281781,3.130389792,5.353577569,3.092350487,0,4.297451413,1.90170591,7.344270333,7.456565486,9.595831434,"ATP synthase alpha/beta family, beta-barrel domainATP synthase alpha/beta family, nucleotide-binding domain"
"Endomembrane protein 70",0,0,0,0,0,0,0,1.319281027,0,0,0,0,0,0,0,0,0,0,0,0.624457496,0.852005734,0,0.782965703,0,0,0,0,0.392007781,0.403273877,0,0,0.475776365,0,0,0.416637446,0,1.74050851,0,0,"Endomembrane protein 70"
"Inorganic H+ pyrophosphatase",0,0,7.928765266,14.187481294,14.243982841,0,3.079388134,10.000958584,2.741154333,8.659446222,12.746066097,1.9575891,3.31947872,0,0,0,0,0,8.231632044,5.244690234,8.174234242,5.458151768,13.198063037,0.984566183,0,2.269756984,1.065248468,6.848430218,9.90383965,0.502111836,4.372026384,7.839574591,1.600359995,0,5.693077989,0,11.7700686,8.893345227,0,"Inorganic H+ pyrophosphatase"
"Acetamidase/Formamidase family",0,0,0,0,0,0,0,0,3.194348449,0,2.008387041,0,0,0,0,0,0,0,0.642963921,1.229622487,0,0,3.05207013,0,0,0,0,0,2.168852213,4.789554879,0,0.927309349,1.928287342,0,2.030112397,1.976401365,0,12.859106531,5.983642658,"Acetamidase/Formamidase family"
"MMPL family",0,0,0,0,0,0,0,0,0,0,0,0,0,0,0,0,0,0,0,0.646281828,0,0,0,0,0,0,0,0,0,0,0,0,0,0,0,0,0,0,0,"MMPL family"
"Roadblock/LC7 domain",0,0,2.717469194,2.599067327,0,0,6.05800931,0,0,0,0,0,0,0,0,0,0,0,0,0,0,0,0,0,3.841616689,0,3.212926832,0,0.995175859,1.514434086,0,0,1.627640391,0,0,0,0,0,5.050709125,"Roadblock/LC7 domain"
"HpcH/HpaI aldolase/citrate lyase family",0,0,2.315918763,2.215012705,2.732793918,0,2.581419775,1.387285204,0,0,0,0,3.738064013,0,0,0,0,0,0.679788887,0.656646027,0,0,0,0,0,1.517355207,1.752505545,0.824428735,0.848122381,0,1.17016098,0.50030092,0.88780385,0,0.438113603,0,0.915112722,0.836194457,2.75493225,"HpcH/HpaI aldolase/citrate lyase family"
"Domain of unknown function (DUF305)",0,0,0,0,0,0,0,0,0,0,0,0,0,0,0,0,4.272830277,0,0,0,0,0,0,0,0,0,0,0,0,0,0,0,0,0,0,0,0,0,0,"Domain of unknown function (DUF305)"
"Skp1 family, tetramerisation domainSkp1 family, dimerisation domain",0,0,1.821438811,1.74207756,2.149305487,0,0,0,0,0,0,0,0,0,0,0,0,0,0,1.032886453,0,0,0,0,0,1.864569821,4.307058673,1.296804118,2.001110375,3.045240432,0.920315798,0.786959826,2.181917929,0,0.689140857,0,1.439447579,1.315311281,6.770680341,"Skp1 family, tetramerisation domainSkp1 family, dimerisation domain"
"Glutamine synthetase, beta-Grasp domainGlutamine synthetase, catalytic domain",0,0,0,1.050927224,0,0,0,0,0,0,0,0,0,0,0,0,0,0,0,0,0,0,0,0,0,0,0,0,0,0,0,0,0,0,0,0,0,0,0,"Glutamine synthetase, beta-Grasp domainGlutamine synthetase, catalytic domain"
"Enolase, N-terminal domainEnolase, C-terminal TIM barrel domain",0,0,0.91649913,0.876566678,0,0,1.146276431,2.4666013,1.022452001,0,0,0,0,0,0,0,0,0,0,0.584354721,0,2.084995342,0.732683502,3.37823626,1.453795939,0,1.21587872,0.366832969,1.802628887,0.574280815,0,0,0,0,0.736638099,0,0.724291393,0,0,"Enolase, N-terminal domainEnolase, C-terminal TIM barrel domain"
"Tubulin C-terminal domain",0,0,0,2.139055411,2.639080852,0,0,5.358849481,6.657248316,3.467610102,20.9281039,9.71865031,11.28035246,6.258269571,18.62816886,0,18.35804513,0,0,2.536513193,6.921604104,6.787766913,6.242367122,9.775958025,18.734771448,21.009570394,13.0245136,0.796157395,2.836152868,11.843421277,1.497874685,0.966289166,1.339562445,0,2.08395686,6.025145907,0,13.205604395,20.474487321,"Tubulin C-terminal domain"
"Monomeric isocitrate dehydrogenase",0,0,0.819204652,2.350534147,0.966664948,0,0,0.98144245,0,0,0,0,0,0,0,0,0,0,0,0.464547797,0,0,1.164931144,0,0,0.838603121,0,0.291623292,0.300004392,0.456539287,0.413918369,1.061821807,0,0,0.619891695,0,0,0.591570309,0,"Monomeric isocitrate dehydrogenase"
"Nucleotide-sugar transporter",0,0,0,0,0,0,0,0,1.416702561,0,0,0,0,0,0,0,0,0,0.838214264,0.80967794,0,0,0,0,0,0,0,0.508281275,0.52288901,1.591439209,1.442867988,0.616896474,1.710401766,0,0.54021635,2.629618765,0,0,0,"Nucleotide-sugar transporter"
"Glycosyltransferase sugar-binding region containing DXD motif   ",0,0,0,0,0,0,0,0,0,0,0,0,0,0,13.36497195,0,0,0,0,0,0,0,0,0,0,0,0,0,0,0,0,0,0,0,0,0,0,0,0,"Glycosyltransferase sugar-binding region containing DXD motif   "
"Protein of unknown function, DUF593",0,0,0,0,0,0,1.098235606,0,0,0,0,0,0,0,0,0,0,0,0,0,0,0,0,0,0,0,0,0,0,0,0,0,0,0,0,0,0,0,0,"Protein of unknown function, DUF593"
"Septum formation initiator",0,0,0,0,0,0,0,0,0,0,0,0,0,0,0,0,0,0,0,0,0,1.687607616,0,0,0,0,0,0,0,0,0,0,1.998291173,0,0.631143854,0,0,0,0,"Septum formation initiator"
"S-adenosyl-L-homocysteine hydrolase",0,0,0,0,0,23.32045854,0,0,0,0,0,0,0,0,0,0,0,0,0,0,0,0,0,0,0,0,0,0,0,0,0,0,0,0,0,0,0,0,0,"S-adenosyl-L-homocysteine hydrolase"
"Alanine dehydrogenase/PNT, N-terminal domainAlanine dehydrogenase/PNT, C-terminal domainPF12769NAD(P) transhydrogenase beta subunit",0,0,0,0,0,0,0,0,0,0,0,0,0,0,0,0,0,0,0,0,0,0,0,0,0,0,0,0.176230726,0,0.551782057,0,0,0.296514312,0,0,0,0,0,0,"Alanine dehydrogenase/PNT, N-terminal domainAlanine dehydrogenase/PNT, C-terminal domainPF12769NAD(P) transhydrogenase beta subunit"
"Gametolysin peptidase M11",0,0,0,0,0,0,0,0,0,0,0,0,0,0,0,0,0,0,0,0,0,0,0,0,0,0,0,0,0,0,0,0,0,0,0,2.103695012,0,0,0,"Gametolysin peptidase M11"
"TIP49 C-terminus",0,0,0,0,0,0,0,0,0,0,0,0,0,0,0,0,0,0,0,0,0,0,0,0,0,0,0,0,0,0.645325865,0,0,1.387129955,0,0,0,0,0,0,"TIP49 C-terminus"
"KH domain",0,0,0,0,0,0,0,0,0,0,0,0,0,0,0,0,0,0,0,0,0,0,0,0,0,0,0,0,0.82267871,1.251932178,0,0,0,0,0,0,0,0,0,"KH domain"
"Low iron-inducible periplasmic protein",0,0,0,0,0,0,0,0,0,0,0,0,0,0,0,0,0,0,0,0,0,0,0,0,0,0,0,0.371759445,0.489689708,0.745197725,0,0.577728443,0,3.193399677,1.011833798,0,0,0,0,"Low iron-inducible periplasmic protein"
"ATP-grasp domain",0,0,1.115782053,0,1.316627534,0,0,0,0,0,0,0,0,0,0,0,0,0,0.655028365,0.632728457,0,0,0,0,1.577352548,1.142203367,1.319214991,0,0.408615253,1.243641236,0,0.482078039,0.668302677,0,0.422155823,0,0.881780802,0,0,"ATP-grasp domain"
"ATP-grasp domainCoA-ligase",0,0,0,0,0,0,0,0,0,0,0,0,0,0,0,0,0,0,0.627995448,0,0,0,0,0,0,3.285194447,0,0.761615117,0.391751767,0.59615818,0,0,0,0,0.404733519,0,0,0,0,"ATP-grasp domainCoA-ligase"
"Axonemal dynein light chain",0,0,0,0,0,0,0,0,0,0,0,0,0,0,0,0,0,0,1.014454186,0,0,0,0,1.888347448,0,1.768950856,2.043091934,0.615150671,0,0.963024752,0.873120116,0,1.035012351,0,0,0,0,0,0,"Axonemal dynein light chain"
"Parkin co-regulated protein",15.46567115,0,0,0,0,31.52925995,0,0,0,0,0,0,0,0,44.90630575,0,0,0,0,0,0,0,0.763017532,0,3.292814304,0,2.753937284,0.382020321,0,0,0,0,0,0,0,0,0,0,0,"Parkin co-regulated protein"
"Plug domain of Sec61peubacterial secY protein",0,0,0,0.959179609,1.183397366,0,0,0,0,1.554920403,1.876885509,0,0,0,0,0,0,0,1.766237199,0.568702363,1.551867587,0,3.565290255,0,0,0,0,0.714014172,0.492949959,0,0,0,0,0,0.758875349,0,0.792552982,2.172612384,0,"Plug domain of Sec61peubacterial secY protein"
"Inner membrane complex protein",0,0,0,0,0,0,0,0,0,0,0,0,0,0,0,0,0,0,0,0,0,0,0,0,0,0,0,1.751158845,1.801486226,0,1.242762209,0,0,0,0.930591668,0,0,0,0,"Inner membrane complex protein"
"PF12769NAD(P) transhydrogenase beta subunit",0,0,0,0,0,0,0,0,0,0,0,0,0,0,0,0,0,0,0,0,0,0,0,0,0,0,0,0.392007781,0,0,0,0,0,0,0,0,0,0,0,"PF12769NAD(P) transhydrogenase beta subunit"
"PF12774",0,0,0,0,0,0,0,0,0,0,0,0,0,0,0,0,0,0,0,0,0,0,0,0,0,3.028199872,1.912334051,0,0,1.802782336,0,0,0.968771561,0,0,0,0,0,0,"PF12774"
"EF-hand domain pair",0,0,0,0,0,0,0,0,0,0,3.366371162,0,7.081554602,0,0,0,0,0,0,0,0,0,0,0,0,2.874545141,2.126706018,0,0,2.004873594,0,0,1.077370508,0,0,0,0,0,3.343174012,"EF-hand domain pair"
"PF13583",0,0,0,0,0,0,0,0,0,0,0,0,3.810702028,0,0,0,0,0,0,0,0,4.266223533,0,3.955377138,2.136145603,1.546840435,0,0,0,0.842106846,0,0,0.905055643,0,0,0,0,0,0,"PF13583"
"PF13589Hsp90 protein",10.54477578,0,11.718879225,9.950994036,5.42211157,0,9.780083631,10.631945633,0.911841285,1.424872515,4.569157511,3.993481764,4.635199375,0,0,10.952335585,15.08697527,4.889424253,3.776536264,1.04227633,0.711037513,2.469914484,1.960261406,3.672194617,3.89749475,5.108731744,4.813898001,3.417216726,3.851976111,5.633694798,5.771959787,3.970570029,3.30263032,14.83479305,4.8299175,11.84762782,8.312461554,5.604701481,1.708057995,"PF13589Hsp90 protein"
"PF13646Armadillo/beta-catenin-like repeatProteasome non-ATPase 26S subunitHEAT repeat",0,0,0,0,0,0,1.14978544,0,0,0,0,0,0,0,0,0,0,0,0,0,0,0,0,0,0,0,0,0.734414577,0.755521264,0,1.042398505,0,0,0,0,0,0,0.744895674,0,"PF13646Armadillo/beta-catenin-like repeatProteasome non-ATPase 26S subunitHEAT repeat"
"PF13833Sodium/calcium exchanger protein",0,0,0,0,0,0,0,0,0,0,0,0,0,0,0,0,0,0,0,0,0,0,0,0,0,0,0,0,0,0.673081816,0,0,0,0,0,0,0,0,0,"PF13833Sodium/calcium exchanger protein"
"PF13838Region in Clathrin and VPS",0,0,1.106015908,0,0,0,0,0,0,0,0,0,0,0,0,0,0,0,0,0,0,0,0.786392249,0,0,0,0,0.393723351,0,0,0,0,0,0,0.418460805,0,0.874062808,0,0,"PF13838Region in Clathrin and VPS"
"PF13864",0,0,0,0,0,0,0,0,0,3.879603382,2.34146113,2.71833536,0,0,0,0,0,0,0,0,0,2.531411424,0.889557569,2.734364498,1.76866511,5.122951737,5.916875157,0,0,2.788957822,0,0,1.49871838,0,0.473357891,0,0,0.903462576,0,"PF13864"
"PF14306ATP-sulfurylase",0,0,1.229803577,1.17622025,0,0,0,0,0,0,0,0,0,0,0,0,0,0,0,0,0,0,0,0,0,0,0,0.437789711,0.450371556,0,0,0.531341488,0,0,0.465295834,0,0.971889789,0,0,"PF14306ATP-sulfurylase"
"Lysine-specific metallo-endopeptidase",0,0,0,0,0,0,0,0,0,0,0,0,0,0,0,0,0,0,0,0,0,0,0,0,0,0,0,0,0,0.799105645,0,0,0,0,0,0,0,0,0,"Lysine-specific metallo-endopeptidase"
